mean_brightness,contrast,dark_pixel_ratio,bright_pixel_ratio,min_intensity,max_intensity,edge_count,edge_density,image_name,label
165.1109619140625,20.232830948629385,0.0,0.0439453125,74,250,3341,0.20391845703125,IMG_20180705_130729936 resized_448 (1).jpg,Crack
155.132568359375,16.39543181557458,0.0,0.0059814453125,91,242,1281,0.07818603515625,IMG_20180705_130731751 resized_448 (1).jpg,Crack
150.4090576171875,31.669252573822625,6.103515625e-05,0.0517578125,47,252,5805,0.35430908203125,IMG_20180705_130732496 resized_448 (1).jpg,Crack
164.6832275390625,28.874363695860108,0.000732421875,0.088623046875,32,253,5618,0.3428955078125,IMG_20180705_130732993 resized_448 (1).jpg,Crack
170.8369140625,17.604927889224715,0.0,0.050537109375,96,252,2280,0.13916015625,IMG_20180705_130733329 resized_448 (1).jpg,Crack
155.3663330078125,16.0959784358415,0.0,0.00506591796875,96,234,1163,0.07098388671875,IMG_20180705_130733660 resized_448 (1).jpg,Crack
167.6160888671875,18.820663068442958,0.0,0.04644775390625,89,249,2404,0.146728515625,IMG_20180705_130733991 resized_448 (1).jpg,Crack
146.8460693359375,36.060927468951405,0.00067138671875,0.06292724609375,44,247,5811,0.35467529296875,IMG_20180705_130734324 resized_448 (1).jpg,Crack
170.00030517578125,20.27414798621693,0.0,0.08544921875,106,252,3011,0.18377685546875,IMG_20180705_130734659 resized_448 (1).jpg,Crack
150.54901123046875,27.10895470223309,0.0,0.03778076171875,51,253,5370,0.3277587890625,IMG_20180705_130734991 resized_448 (1).jpg,Crack
167.42681884765625,18.644563995686628,0.0,0.04547119140625,91,247,2130,0.1300048828125,IMG_20180705_130735324 resized_448 (1).jpg,Crack
152.982666015625,31.27196208457223,0.00115966796875,0.04681396484375,34,253,5690,0.3472900390625,IMG_20180705_130735657 resized_448 (1).jpg,Crack
165.36151123046875,23.174390047287947,0.0,0.03985595703125,52,250,4628,0.282470703125,IMG_20180705_130735989 resized_448 (1).jpg,Crack
151.69085693359375,15.947307013243622,0.0,0.0029296875,89,231,1266,0.0772705078125,IMG_20180705_130736323 resized_448 (1).jpg,Crack
177.00677490234375,16.709328989881804,0.0,0.0794677734375,100,252,2168,0.13232421875,IMG_20180705_130736655 resized_448 (1).jpg,Crack
128.6458740234375,37.66501564298724,0.0103759765625,0.02532958984375,25,252,5819,0.35516357421875,IMG_20180705_130736987 resized_448 (1).jpg,Crack
145.15911865234375,34.60930285128743,0.0009765625,0.047607421875,39,249,5780,0.352783203125,IMG_20180705_130737319 resized_448 (1).jpg,Crack
161.98052978515625,24.279471245026684,6.103515625e-05,0.073974609375,48,255,5105,0.31158447265625,IMG_20180705_130737652 resized_448 (1).jpg,Crack
163.88604736328125,18.954329765184685,0.0,0.02764892578125,90,243,2260,0.137939453125,IMG_20180705_130737985 resized_448 (1).jpg,Crack
151.54693603515625,30.952860677455625,6.103515625e-05,0.05181884765625,43,249,5753,0.35113525390625,IMG_20180705_130738321 resized_448 (1).jpg,Crack
155.9337158203125,24.64032529861539,0.0,0.06048583984375,74,253,4924,0.300537109375,IMG_20180705_130738655 resized_448 (1).jpg,Crack
172.40521240234375,18.634718513069377,0.0,0.06158447265625,89,249,2445,0.14923095703125,IMG_20180705_130738987 resized_448 (1).jpg,Crack
173.81103515625,18.708236308225022,0.0,0.07440185546875,104,250,1920,0.1171875,IMG_20180705_130739321 resized_448 (1).jpg,Crack
138.44891357421875,36.76112352305219,0.00396728515625,0.03765869140625,30,253,5856,0.357421875,IMG_20180705_130739654 resized_448 (1).jpg,Crack
147.201416015625,34.902846576844915,0.00054931640625,0.05670166015625,45,250,5969,0.36431884765625,IMG_20180705_130739987 resized_448 (1).jpg,Crack
154.160888671875,32.06504685899644,0.0,0.06744384765625,53,253,5677,0.34649658203125,IMG_20180705_130740323 resized_448 (1).jpg,Crack
149.52716064453125,30.996079634835695,0.0001220703125,0.04345703125,41,250,5733,0.34991455078125,IMG_20180705_130740656 resized_448 (1).jpg,Crack
155.74822998046875,16.737738283691705,0.0,0.00494384765625,95,243,1574,0.0960693359375,IMG_20180705_130740989 resized_448 (1).jpg,Crack
180.845947265625,15.257928848799617,0.0,0.089599609375,102,249,1353,0.08258056640625,IMG_20180705_130741322 resized_448 (1).jpg,Crack
160.53460693359375,18.701343733493385,0.0,0.02288818359375,75,244,3064,0.18701171875,IMG_20180705_130741655 resized_448 (1).jpg,Crack
160.84393310546875,18.923752127664194,0.0,0.03326416015625,96,252,2964,0.180908203125,IMG_20180705_130742323 resized_448 (1).jpg,Crack
172.49395751953125,21.297665122268796,0.0,0.08197021484375,64,250,3929,0.23980712890625,IMG_20180705_130742655 resized_448 (1).jpg,Crack
168.86029052734375,18.71325045238584,0.0,0.0465087890625,89,248,1714,0.1046142578125,IMG_20180705_130742988 resized_448 (1).jpg,Crack
169.7930908203125,16.290882650632334,0.0,0.04620361328125,95,248,1748,0.106689453125,IMG_20180705_130743321 resized_448 (1).jpg,Crack
147.7576904296875,34.384563682936054,6.103515625e-05,0.0577392578125,48,253,5835,0.35614013671875,IMG_20180705_130743653 resized_448 (1).jpg,Crack
167.2957763671875,19.524190392465403,0.0,0.05023193359375,84,251,3316,0.202392578125,IMG_20180705_130743987 resized_448 (1).jpg,Crack
131.65106201171875,29.89417382218152,0.0001220703125,0.03411865234375,43,253,5559,0.33929443359375,IMG_20180705_130744320 resized_448 (1).jpg,Crack
161.30828857421875,28.858537305971737,0.0,0.067138671875,53,253,5053,0.30841064453125,IMG_20180705_130744653 resized_448 (1).jpg,Crack
150.112548828125,16.075567056834657,0.0,0.00189208984375,72,230,1508,0.092041015625,IMG_20180705_130744988 resized_448 (1).jpg,Crack
157.84710693359375,18.690158417184794,0.0,0.01947021484375,89,255,1473,0.08990478515625,IMG_20180705_130745320 resized_448 (1).jpg,Crack
172.06005859375,18.784757664244147,0.0,0.06494140625,91,250,2173,0.13262939453125,IMG_20180705_130745654 resized_448 (1).jpg,Crack
147.88165283203125,35.247208310089825,0.00048828125,0.06268310546875,42,247,5835,0.35614013671875,IMG_20180705_130745987 resized_448 (1).jpg,Crack
171.68304443359375,20.54340668467362,0.0,0.0789794921875,89,251,3552,0.216796875,IMG_20180705_130746319 resized_448 (1).jpg,Crack
169.984619140625,19.474755989512165,0.0,0.05389404296875,91,245,2260,0.137939453125,IMG_20180705_130746652 resized_448 (1).jpg,Crack
132.51220703125,38.200303096342715,0.006591796875,0.036376953125,24,253,5799,0.35394287109375,IMG_20180705_130746985 resized_448 (1).jpg,Crack
161.05157470703125,18.46462421425937,0.0,0.0205078125,79,247,3208,0.19580078125,IMG_20180705_130747318 resized_448 (1).jpg,Crack
149.6583251953125,27.071821188617267,6.103515625e-05,0.05364990234375,48,254,5254,0.3206787109375,IMG_20180705_130747652 resized_448 (1).jpg,Crack
156.5589599609375,17.03831749266396,0.0,0.010009765625,96,254,1616,0.0986328125,IMG_20180705_130747985 resized_448 (1).jpg,Crack
158.05780029296875,15.502150381490674,0.0,0.00445556640625,96,229,1347,0.08221435546875,IMG_20180705_130748317 resized_448 (1).jpg,Crack
133.27740478515625,39.488407950981525,0.00897216796875,0.038818359375,28,252,5869,0.35821533203125,IMG_20180705_130748649 resized_448 (1).jpg,Crack
135.68212890625,37.876397560320406,0.00347900390625,0.03448486328125,28,253,5784,0.35302734375,IMG_8658 resized_448 (1).jpg,Crack
169.5799560546875,23.168702446294738,0.0,0.1007080078125,58,254,4370,0.2667236328125,IMG_8659 resized_448 (1).jpg,Crack
148.354248046875,41.2084914442442,0.002197265625,0.10797119140625,31,253,5890,0.3594970703125,IMG_8660 resized_448 (1).jpg,Crack
146.26800537109375,33.56731171537045,0.0001220703125,0.05511474609375,38,254,5796,0.353759765625,IMG_8661 resized_448 (1).jpg,Crack
167.0125732421875,17.482031459325054,0.0,0.0350341796875,88,246,2225,0.13580322265625,IMG_8662 resized_448 (1).jpg,Crack
165.13671875,17.661648355457537,0.0,0.0302734375,90,248,2314,0.1412353515625,IMG_8663 resized_448 (1).jpg,Crack
166.3173828125,26.888935805201868,0.0,0.08892822265625,90,255,1402,0.0855712890625,IMG_8664 resized_448 (1).jpg,Crack
166.256103515625,18.766040322553984,0.0,0.031494140625,84,243,2047,0.12493896484375,IMG_8665 resized_448 (1).jpg,Crack
151.53436279296875,31.449568475328828,6.103515625e-05,0.05633544921875,49,250,5752,0.35107421875,IMG_8666 resized_448 (1).jpg,Crack
147.8331298828125,28.125472844440587,0.00042724609375,0.05010986328125,34,253,5347,0.32635498046875,IMG_8667 resized_448 (1).jpg,Crack
156.700439453125,29.075041141587505,0.0,0.0811767578125,61,253,5594,0.3414306640625,IMG_8668 resized_448 (1).jpg,Crack
155.9427490234375,27.94162692640557,0.0001220703125,0.0623779296875,39,252,5490,0.3350830078125,IMG_8669 resized_448 (1).jpg,Crack
157.06256103515625,23.032183976221976,0.0,0.05181884765625,63,253,4674,0.2852783203125,IMG_8670 resized_448 (1).jpg,Crack
162.5272216796875,28.222199508772654,0.0,0.08038330078125,65,252,4028,0.245849609375,IMG_8671 resized_448 (1).jpg,Crack
157.9287109375,26.62481057184737,0.0,0.07568359375,51,254,5321,0.32476806640625,IMG_8672 resized_448 (1).jpg,Crack
159.10198974609375,16.938153266515595,0.0,0.01397705078125,93,250,1364,0.083251953125,IMG_8673 resized_448 (1).jpg,Crack
159.0113525390625,17.444918701520777,0.0,0.01202392578125,89,237,1455,0.08880615234375,IMG_8674 resized_448 (1).jpg,Crack
170.00396728515625,17.6949257375753,0.0,0.04803466796875,90,251,2648,0.16162109375,IMG_8675 resized_448 (1).jpg,Crack
150.2874755859375,27.93495250854523,0.00018310546875,0.06396484375,37,254,5616,0.3427734375,IMG_8676 resized_448 (1).jpg,Crack
170.86627197265625,17.10808357335748,0.0,0.04742431640625,90,253,2301,0.14044189453125,IMG_8677 resized_448 (1).jpg,Crack
169.0699462890625,20.618337349449614,0.0,0.08001708984375,94,252,3770,0.2301025390625,IMG_8678 resized_448 (1).jpg,Crack
158.63006591796875,31.54582328369392,0.00042724609375,0.07183837890625,33,252,5236,0.319580078125,IMG_8679 resized_448 (1).jpg,Crack
158.68267822265625,15.439680790896542,0.0,0.00537109375,99,233,1141,0.06964111328125,IMG_8680 resized_448 (1).jpg,Crack
166.0675048828125,20.57385250647005,0.0,0.0718994140625,104,250,3564,0.217529296875,IMG_8681 resized_448 (1).jpg,Crack
159.84271240234375,16.649828128989945,0.0,0.01434326171875,94,246,1364,0.083251953125,IMG_8682 resized_448 (1).jpg,Crack
174.493408203125,18.157378286407813,0.0,0.08868408203125,114,253,2836,0.173095703125,IMG_8683 resized_448 (1).jpg,Crack
152.54510498046875,16.24103694258542,0.0,0.00347900390625,86,237,1329,0.08111572265625,IMG_8684 resized_448 (1).jpg,Crack
172.80609130859375,19.102112006550566,0.0,0.0865478515625,106,252,2475,0.15106201171875,IMG_8685 resized_448 (1).jpg,Crack
162.01300048828125,31.76858215193646,0.0009765625,0.09130859375,34,252,5613,0.34259033203125,IMG_8686 resized_448 (1).jpg,Crack
133.534912109375,31.52662335809798,0.00048828125,0.0379638671875,34,254,5732,0.349853515625,IMG_8687 resized_448 (1).jpg,Crack
157.15924072265625,16.147924484160626,0.0,0.00439453125,88,234,1486,0.0906982421875,IMG_8688 resized_448 (1).jpg,Crack
133.7109375,39.24606011898877,0.0074462890625,0.04241943359375,30,252,5890,0.3594970703125,IMG_8689 resized_448 (1).jpg,Crack
151.32586669921875,26.58307015752336,0.0,0.05255126953125,68,253,5627,0.34344482421875,IMG_8690 resized_448 (1).jpg,Crack
172.902099609375,18.816657178907082,0.0,0.0662841796875,95,250,2459,0.15008544921875,IMG_8691 resized_448 (1).jpg,Crack
168.8377685546875,27.912533837256056,0.0,0.1424560546875,86,254,5255,0.32073974609375,IMG_8692 resized_448 (1).jpg,Crack
159.4305419921875,16.698894746102233,0.0,0.01617431640625,88,249,914,0.0557861328125,IMG_8693 resized_448 (1).jpg,Crack
170.777587890625,20.960213208276674,0.0,0.08929443359375,96,253,3508,0.214111328125,IMG_8694 resized_448 (1).jpg,Crack
177.1859130859375,15.619174126277523,0.0,0.06927490234375,87,250,1215,0.07415771484375,IMG_8695 resized_448 (1).jpg,Crack
167.104736328125,21.11443758752547,0.0,0.0538330078125,65,252,3951,0.24114990234375,IMG_8696 resized_448 (1).jpg,Crack
160.9208984375,20.196002291736107,0.0,0.04376220703125,98,254,1285,0.07843017578125,IMG_8697 resized_448 (1).jpg,Crack
129.5260009765625,19.253495211401688,0.0,0.00634765625,59,249,2946,0.1798095703125,IMG_8698 resized_448 (1).jpg,Crack
140.12542724609375,38.48326103414761,0.00311279296875,0.05712890625,25,254,5879,0.35882568359375,IMG_8699 resized_448 (1).jpg,Crack
158.48602294921875,17.147931725270876,0.0,0.01202392578125,74,243,1598,0.0975341796875,IMG_8700 resized_448 (1).jpg,Crack
165.94622802734375,23.973961535788945,0.0,0.0888671875,88,255,1446,0.0882568359375,IMG_8701 resized_448 (1).jpg,Crack
162.7515869140625,19.35381742567981,0.0,0.03094482421875,80,247,2516,0.153564453125,IMG_8702 resized_448 (1).jpg,Crack
130.830322265625,39.10569353794464,0.00860595703125,0.03155517578125,27,249,5945,0.36285400390625,IMG_8703 resized_448 (1).jpg,Crack
164.673583984375,18.974872762017235,0.0,0.03558349609375,80,252,2598,0.1585693359375,IMG_8704 resized_448 (1).jpg,Crack
151.41168212890625,31.92812114234422,6.103515625e-05,0.05731201171875,49,251,5695,0.34759521484375,IMG_8705 resized_448 (1).jpg,Crack
172.88873291015625,17.466164556155036,0.0,0.0594482421875,101,252,1610,0.0982666015625,IMG_8706 resized_448 (1).jpg,Crack
156.97265625,16.675981639695486,0.0,0.01007080078125,70,245,1121,0.06842041015625,IMG_8707 resized_448 (1).jpg,Crack
170.880859375,17.9257594374663,0.0,0.0491943359375,103,250,1700,0.103759765625,IMG_8708 resized_448 (1).jpg,Crack
149.36566162109375,31.669872979965366,0.0001220703125,0.049072265625,46,247,5763,0.35174560546875,IMG_8709 resized_448 (1).jpg,Crack
162.851318359375,18.261744755201132,0.0,0.0352783203125,100,249,881,0.05377197265625,IMG_8710 resized_448 (1).jpg,Crack
159.5006103515625,18.899979580494154,0.0,0.027099609375,81,247,3213,0.19610595703125,IMG_8711 resized_448 (1).jpg,Crack
157.68304443359375,17.213341812004224,0.0,0.01776123046875,83,243,1222,0.0745849609375,IMG_8712 resized_448 (1).jpg,Crack
155.26373291015625,16.87137441176457,0.0,0.01287841796875,89,250,1232,0.0751953125,IMG_8713 resized_448 (1).jpg,Crack
159.334228515625,23.625190874115823,0.0,0.0643310546875,78,252,4751,0.28997802734375,IMG_8714 resized_448 (1).jpg,Crack
164.874755859375,26.192234384073444,6.103515625e-05,0.05963134765625,36,254,5285,0.32257080078125,IMG_8715 resized_448 (1).jpg,Crack
155.9033203125,25.046201034111938,0.0,0.05804443359375,51,252,4950,0.3021240234375,IMG_8716 resized_448 (1).jpg,Crack
155.90203857421875,26.784797948046066,0.00079345703125,0.03857421875,26,253,5313,0.32427978515625,IMG_8717 resized_448 (1).jpg,Crack
148.2459716796875,16.269520903603514,0.0,0.0018310546875,76,228,1388,0.084716796875,IMG_8718 resized_448 (1).jpg,Crack
168.04644775390625,28.064474428187246,0.0,0.13104248046875,54,247,4720,0.2880859375,IMG_8719 resized_448 (1).jpg,Crack
150.93035888671875,16.466766253214296,0.0,0.00335693359375,73,229,1458,0.0889892578125,IMG_8720 resized_448 (1).jpg,Crack
153.02691650390625,15.606729806333908,0.0,0.0028076171875,92,229,1338,0.0816650390625,IMG_8721 resized_448 (1).jpg,Crack
167.16558837890625,19.38756485020237,0.0,0.05340576171875,102,253,1174,0.0716552734375,IMG_8722 resized_448 (1).jpg,Crack
165.33984375,17.591608977603453,0.0,0.03167724609375,91,246,1684,0.102783203125,IMG_8723 resized_448 (1).jpg,Crack
169.362060546875,19.836105590865337,0.0,0.072998046875,96,252,3421,0.20880126953125,IMG_8724 resized_448 (1).jpg,Crack
171.904052734375,17.858327784836312,0.0,0.05035400390625,89,248,2109,0.12872314453125,IMG_8725 resized_448 (1).jpg,Crack
166.19586181640625,23.45629777349183,0.0,0.0745849609375,81,255,1233,0.07525634765625,IMG_8726 resized_448 (1).jpg,Crack
157.56475830078125,16.5689795908738,0.0,0.00506591796875,83,242,1463,0.08929443359375,IMG_8727 resized_448 (1).jpg,Crack
164.2269287109375,21.07972664506029,0.0,0.0413818359375,79,248,3224,0.19677734375,IMG_8728 resized_448 (1).jpg,Crack
170.54132080078125,18.03136174720618,0.0,0.06805419921875,108,250,2808,0.17138671875,IMG_8729 resized_448 (1).jpg,Crack
165.7061767578125,19.066193825824623,0.0,0.0355224609375,83,243,2215,0.13519287109375,IMG_8730 resized_448 (1).jpg,Crack
149.82403564453125,35.26506051446067,0.0003662109375,0.07281494140625,44,251,5815,0.35491943359375,IMG_8731 resized_448 (1).jpg,Crack
165.59698486328125,24.42561837895014,0.0,0.0584716796875,52,251,4691,0.28631591796875,IMG_8747 resized_448 (1).jpg,Crack
151.70343017578125,33.68858341183841,0.0,0.09490966796875,62,254,5941,0.36260986328125,IMG_8748 resized_448 (1).jpg,Crack
165.302490234375,23.551220021516034,0.0,0.05487060546875,56,250,4648,0.28369140625,IMG_8749 resized_448 (1).jpg,Crack
155.18133544921875,27.411543473496486,0.000244140625,0.04241943359375,40,252,4810,0.2935791015625,IMG_8750 resized_448 (1).jpg,Crack
157.2513427734375,26.554846060016583,0.00030517578125,0.0467529296875,36,253,4494,0.2742919921875,IMG_8751 resized_448 (1).jpg,Crack
162.71661376953125,31.715039074149814,0.00018310546875,0.0950927734375,28,251,5642,0.3443603515625,IMG_8752 resized_448 (1).jpg,Crack
159.97381591796875,15.28877260645265,0.0,0.00634765625,104,247,1194,0.0728759765625,IMG_8753 resized_448 (1).jpg,Crack
167.9063720703125,26.238206957004415,0.0,0.109130859375,53,253,4878,0.2977294921875,IMG_8754 resized_448 (1).jpg,Crack
158.356201171875,18.1558990559499,0.0,0.0125732421875,92,244,1608,0.09814453125,IMG_8755 resized_448 (1).jpg,Crack
171.553955078125,27.653663702903717,0.0,0.15533447265625,51,248,4543,0.27728271484375,IMG_8756 resized_448 (1).jpg,Crack
170.1456298828125,17.648329471884004,0.0,0.04638671875,95,251,2677,0.16339111328125,IMG_8757 resized_448 (1).jpg,Crack
155.4498291015625,26.758631100071245,6.103515625e-05,0.04071044921875,46,252,5258,0.3209228515625,IMG_8758 resized_448 (1).jpg,Crack
166.02142333984375,19.962460925855087,0.0,0.06048583984375,106,253,1122,0.0684814453125,IMG_8759 resized_448 (1).jpg,Crack
173.36822509765625,17.768465132040802,0.0,0.06329345703125,110,248,1575,0.09613037109375,IMG_8760 resized_448 (1).jpg,Crack
160.59857177734375,27.241519616691473,0.00018310546875,0.068359375,46,251,4645,0.28350830078125,IMG_8761 resized_448 (1).jpg,Crack
160.3702392578125,18.357925688576227,0.0,0.02178955078125,86,248,3248,0.1982421875,IMG_8762 resized_448 (1).jpg,Crack
166.131591796875,21.396930407528558,0.0,0.05010986328125,72,249,3846,0.2347412109375,IMG_8763 resized_448 (1).jpg,Crack
174.11968994140625,16.459490043786897,0.0,0.0546875,99,253,2340,0.142822265625,IMG_8764 resized_448 (1).jpg,Crack
146.603515625,30.875170440821147,0.00311279296875,0.031982421875,27,250,5152,0.314453125,IMG_8765 resized_448 (1).jpg,Crack
153.820556640625,15.315438247519682,0.0,0.0030517578125,93,248,1177,0.07183837890625,IMG_8766 resized_448 (1).jpg,Crack
145.8902587890625,31.17115706929239,0.0001220703125,0.02801513671875,42,247,5607,0.34222412109375,IMG_8767 resized_448 (1).jpg,Crack
140.94171142578125,36.99321732859987,0.002197265625,0.047119140625,36,253,5821,0.35528564453125,IMG_8768 resized_448 (1).jpg,Crack
149.28466796875,35.526824967516696,0.00042724609375,0.06451416015625,38,252,5882,0.3590087890625,IMG_8769 resized_448 (1).jpg,Crack
159.11834716796875,18.305685333520433,0.0,0.0235595703125,97,252,1332,0.081298828125,IMG_8770 resized_448 (1).jpg,Crack
150.56011962890625,34.03268547370447,6.103515625e-05,0.06964111328125,45,248,5738,0.3502197265625,IMG_8771 resized_448 (1).jpg,Crack
147.8087158203125,16.398246774477563,0.0,0.00189208984375,75,224,1460,0.089111328125,IMG_8772 resized_448 (1).jpg,Crack
157.23052978515625,16.65240246551904,0.0,0.006103515625,99,236,1209,0.07379150390625,IMG_8773 resized_448 (1).jpg,Crack
139.46124267578125,37.25932155570864,0.00164794921875,0.04052734375,33,249,5830,0.3558349609375,IMG_8774 resized_448 (1).jpg,Crack
169.8302001953125,20.79345508739807,0.0,0.06768798828125,70,252,2618,0.1597900390625,IMG_8775 resized_448 (1).jpg,Crack
156.5623779296875,15.928061408843448,0.0,0.00537109375,100,234,975,0.05950927734375,IMG_8776 resized_448 (1).jpg,Crack
167.0438232421875,23.969871091610905,0.0,0.06781005859375,103,255,1460,0.089111328125,IMG_8777 resized_448 (1).jpg,Crack
146.855712890625,37.14306604277834,0.0013427734375,0.06829833984375,27,251,5748,0.350830078125,IMG_8778 resized_448 (1).jpg,Crack
133.99407958984375,38.64972726405016,0.00830078125,0.0361328125,24,252,5892,0.359619140625,IMG_8779 resized_448 (1).jpg,Crack
149.17974853515625,33.819125571619274,0.00018310546875,0.060302734375,46,253,5940,0.362548828125,IMG_8781 resized_448 (1).jpg,Crack
152.82476806640625,15.908095402525571,0.0,0.002685546875,86,236,1173,0.07159423828125,IMG_8784 resized_448 (1).jpg,Crack
153.719482421875,15.418369546053674,0.0,0.00201416015625,93,234,874,0.0533447265625,IMG_8785 resized_448 (1).jpg,Crack
156.204833984375,15.965329901356801,0.0,0.00457763671875,61,245,1111,0.06781005859375,IMG_8786 resized_448 (1).jpg,Crack
156.9716796875,17.18682679678574,0.0,0.00994873046875,96,233,1200,0.0732421875,IMG_8787 resized_448 (1).jpg,Crack
131.3338623046875,38.564430738545475,0.00762939453125,0.03179931640625,21,252,6038,0.3685302734375,IMG_8788 resized_448 (1).jpg,Crack
146.740478515625,35.821218563588786,0.00067138671875,0.062744140625,36,252,5851,0.35711669921875,IMG_8789 resized_448 (1).jpg,Crack
148.50042724609375,34.61302357761668,0.00079345703125,0.059814453125,36,250,5850,0.3570556640625,IMG_8790 resized_448 (1).jpg,Crack
147.37030029296875,35.3344722053814,0.000732421875,0.061279296875,44,249,5842,0.3565673828125,IMG_8791 resized_448 (1).jpg,Crack
150.9521484375,26.82475827509036,0.0,0.05584716796875,64,253,5295,0.32318115234375,IMG_8792 resized_448 (1).jpg,Crack
151.75042724609375,34.208628369819415,0.00091552734375,0.06982421875,30,254,5843,0.35662841796875,IMG_8793 resized_448 (1).jpg,Crack
155.19189453125,25.29514340747056,0.0,0.0609130859375,66,253,5271,0.32171630859375,IMG_8794 resized_448 (1).jpg,Crack
154.06390380859375,29.019958039995352,0.00054931640625,0.04547119140625,29,248,5500,0.335693359375,IMG_8795 resized_448 (1).jpg,Crack
151.7540283203125,30.12110031948085,0.0018310546875,0.0380859375,26,246,4667,0.28485107421875,IMG_8796 resized_448 (1).jpg,Crack
161.573974609375,19.220976660221844,0.0,0.0269775390625,78,250,2448,0.1494140625,IMG_8798 resized_448 (1).jpg,Crack
166.06640625,17.338709413223665,0.0,0.03375244140625,100,244,1416,0.08642578125,IMG_8799 resized_448 (1).jpg,Crack
157.26129150390625,16.868351574930347,0.0,0.0103759765625,73,248,1425,0.08697509765625,IMG_8800 resized_448 (1).jpg,Crack
149.69451904296875,34.56884095368233,0.00030517578125,0.06488037109375,43,251,5882,0.3590087890625,IMG_8801 resized_448 (1).jpg,Crack
162.77545166015625,26.4924914815225,0.0,0.08074951171875,95,255,1578,0.0963134765625,IMG_8802 resized_448 (1).jpg,Crack
155.47906494140625,31.251918709919984,0.0,0.06903076171875,53,251,5710,0.3485107421875,IMG_8803 resized_448 (1).jpg,Crack
153.7252197265625,15.634030474809338,0.0,0.00262451171875,91,251,1084,0.066162109375,IMG_8804 resized_448 (1).jpg,Crack
150.76806640625,31.173346076996854,6.103515625e-05,0.04852294921875,41,250,5645,0.34454345703125,IMG_8805 resized_448 (1).jpg,Crack
168.7589111328125,21.14778336829875,0.0,0.0899658203125,97,253,3960,0.24169921875,IMG_8806 resized_448 (1).jpg,Crack
150.69451904296875,31.591700280290947,6.103515625e-05,0.05267333984375,49,254,5806,0.3543701171875,IMG_8807 resized_448 (1).jpg,Crack
173.29144287109375,20.433293718958584,0.0,0.1053466796875,94,253,3568,0.2177734375,IMG_8808 resized_448 (1).jpg,Crack
159.7320556640625,15.65000289451935,0.0,0.00592041015625,97,251,1361,0.08306884765625,IMG_8809 resized_448 (1).jpg,Crack
159.11517333984375,17.665020754200107,0.0,0.02471923828125,68,252,635,0.03875732421875,IMG_8810 resized_448 (1).jpg,Crack
160.23199462890625,17.69470919986932,0.0,0.02203369140625,92,248,1236,0.075439453125,IMG_8811 resized_448 (1).jpg,Crack
151.71466064453125,30.89764936427004,6.103515625e-05,0.051513671875,43,246,5625,0.34332275390625,IMG_8812 resized_448 (1).jpg,Crack
146.47100830078125,35.25925381788271,0.00103759765625,0.0562744140625,35,251,5835,0.35614013671875,IMG_8813 resized_448 (1).jpg,Crack
155.47686767578125,15.522042103648968,0.0,0.0045166015625,101,227,1169,0.07135009765625,IMG_8814 resized_448 (1).jpg,Crack
142.8092041015625,28.103059554079508,0.0,0.0447998046875,56,254,5529,0.33746337890625,IMG_8815 resized_448 (1).jpg,Crack
149.592041015625,34.10199760080786,0.0001220703125,0.05914306640625,45,248,5745,0.35064697265625,IMG_8816 resized_448 (1).jpg,Crack
158.10369873046875,29.20667867274248,0.0,0.08819580078125,70,254,5447,0.33245849609375,IMG_8817 resized_448 (1).jpg,Crack
143.7457275390625,35.09582715647059,0.00128173828125,0.04571533203125,31,249,5775,0.35247802734375,IMG_8818 resized_448 (1).jpg,Crack
167.8436279296875,22.20869280387471,0.0,0.08502197265625,97,253,3940,0.240478515625,IMG_8819 resized_448 (1).jpg,Crack
150.01641845703125,15.921734281293368,0.0,0.0020751953125,58,228,1195,0.07293701171875,IMG_8820 resized_448 (1).jpg,Crack
139.8055419921875,41.3165689012374,0.00738525390625,0.0665283203125,25,249,5899,0.36004638671875,IMG_8821 resized_448 (1).jpg,Crack
150.46173095703125,33.676270382088596,0.00299072265625,0.05279541015625,22,254,5867,0.35809326171875,IMG_8822 resized_448 (1).jpg,Crack
162.89593505859375,32.075725191524334,0.00048828125,0.10125732421875,34,252,5076,0.309814453125,IMG_8823 resized_448 (1).jpg,Crack
146.79425048828125,34.07487717572539,0.00042724609375,0.0509033203125,42,249,5718,0.3489990234375,IMG_8824 resized_448 (1).jpg,Crack
145.19097900390625,34.44577003649049,0.00054931640625,0.04840087890625,39,251,5785,0.35308837890625,IMG_8825 resized_448 (1).jpg,Crack
148.92559814453125,44.79167020479362,0.00341796875,0.13006591796875,32,252,5793,0.35357666015625,IMG_20180513_164959951_HDR resized_448 (3).jpg,Non-Crack
135.0986328125,40.56019516378772,0.02740478515625,0.05120849609375,1,254,6294,0.3841552734375,IMG_20180513_165129852_HDR resized_448 (3).jpg,Non-Crack
183.27294921875,22.800833611348978,0.0,0.22979736328125,84,254,5402,0.3297119140625,IMG_20180513_165150613_HDR resized_448 (3).jpg,Non-Crack
149.24383544921875,33.50115224866972,0.0,0.07464599609375,62,248,5856,0.357421875,IMG_20180513_165345878_HDR resized_448 (3).jpg,Non-Crack
170.50738525390625,22.1460124697334,0.0,0.09674072265625,82,252,4361,0.26617431640625,IMG_20180513_165349788_HDR resized_448 (3).jpg,Non-Crack
154.88238525390625,31.640280048644602,0.00299072265625,0.0897216796875,32,254,5644,0.344482421875,IMG_20180513_165353081_HDR resized_448 (3).jpg,Non-Crack
125.0208740234375,31.06756401782586,0.01141357421875,0.01055908203125,5,254,5167,0.31536865234375,IMG_20180513_165451567_HDR resized_448 (3).jpg,Non-Crack
181.84820556640625,23.108103898289638,0.0,0.20745849609375,84,253,5353,0.32672119140625,IMG_20180513_165455803_HDR resized_448 (3).jpg,Non-Crack
134.88330078125,18.89506201622611,0.0,0.00274658203125,51,250,3594,0.2193603515625,IMG_20180513_165500303_HDR resized_448 (3).jpg,Non-Crack
172.16015625,25.142785301353566,0.00042724609375,0.11724853515625,42,253,4820,0.294189453125,IMG_20180513_165512488_HDR resized_448 (3).jpg,Non-Crack
133.79315185546875,29.264659362028677,0.00439453125,0.0135498046875,16,247,5797,0.35382080078125,IMG_20180513_165515651_HDR resized_448 (3).jpg,Non-Crack
131.565185546875,25.482183935253737,0.00341796875,0.00445556640625,13,252,4579,0.27947998046875,IMG_20180513_165521775_HDR resized_448 (3).jpg,Non-Crack
165.5780029296875,31.138980835233234,0.00018310546875,0.14208984375,45,253,5610,0.3424072265625,IMG_20180513_165533492_HDR resized_448 (3).jpg,Non-Crack
154.4200439453125,39.68309927124526,0.0001220703125,0.12255859375,48,252,6334,0.3865966796875,IMG_20180513_165538350_HDR resized_448 (3).jpg,Non-Crack
181.16680908203125,23.472953797595608,0.0,0.19586181640625,72,254,5211,0.31805419921875,IMG_20180513_165547907_HDR resized_448 (3).jpg,Non-Crack
176.8897705078125,24.771850712861607,0.0,0.16552734375,70,252,5535,0.33782958984375,IMG_20180513_165706718_HDR resized_448 (3).jpg,Non-Crack
131.16094970703125,22.452027547475257,0.00030517578125,0.0006103515625,44,221,4606,0.2811279296875,IMG_20180513_165710583_HDR resized_448 (3).jpg,Non-Crack
180.5537109375,21.60635646168172,0.0,0.17138671875,72,251,4624,0.2822265625,IMG_20180513_165717627_HDR resized_448 (3).jpg,Non-Crack
175.7091064453125,24.12868535813164,0.0,0.1519775390625,75,253,5633,0.34381103515625,IMG_20180513_165733359_HDR resized_448 (3).jpg,Non-Crack
125.64752197265625,29.9189328671363,0.00775146484375,0.0152587890625,11,251,5606,0.3421630859375,IMG_20180513_165741688_HDR resized_448 (3).jpg,Non-Crack
170.72052001953125,26.62295196097342,0.0,0.13714599609375,57,245,5346,0.3262939453125,IMG_20180513_165749116_HDR resized_448 (3).jpg,Non-Crack
130.8656005859375,19.028292906567437,0.0009765625,0.00128173828125,22,245,1824,0.111328125,IMG_20180513_170350654_HDR resized_448 (3).jpg,Non-Crack
132.8717041015625,34.623547748853404,0.0135498046875,0.02838134765625,4,253,6030,0.3680419921875,IMG_20180513_170357440_HDR resized_448 (3).jpg,Non-Crack
143.5860595703125,34.935750054010505,0.021240234375,0.05059814453125,1,253,5809,0.35455322265625,IMG_20180513_170406108_HDR resized_448 (3).jpg,Non-Crack
174.0523681640625,28.48226544843989,0.0,0.1749267578125,80,254,5262,0.3211669921875,IMG_20180513_170430826_HDR resized_448 (3).jpg,Non-Crack
116.24615478515625,20.33233145154137,0.0006103515625,0.00177001953125,32,248,3483,0.21258544921875,IMG_20180513_170453882_HDR resized_448 (3).jpg,Non-Crack
110.3853759765625,39.305803794340456,0.05078125,0.0054931640625,10,251,6159,0.37591552734375,IMG_20180513_170500983_HDR resized_448 (3).jpg,Non-Crack
169.75213623046875,29.090678989654016,0.0,0.15521240234375,58,245,5911,0.36077880859375,IMG_20180513_170515937_HDR resized_448 (3).jpg,Non-Crack
117.60308837890625,26.07613304504733,0.00726318359375,0.00457763671875,11,248,4827,0.29461669921875,IMG_20180513_170526931_HDR resized_448 (3).jpg,Non-Crack
123.3094482421875,56.364362421306666,0.13470458984375,0.09307861328125,20,253,6114,0.3731689453125,IMG_20180513_170535927_HDR resized_448 (3).jpg,Non-Crack
127.62127685546875,19.46518361020556,0.0,0.00140380859375,65,231,4387,0.26776123046875,IMG_20180513_170700279_HDR resized_448 (3).jpg,Non-Crack
123.40814208984375,25.3580798077931,0.001953125,0.00823974609375,25,252,3606,0.2200927734375,IMG_20180513_170710091_HDR resized_448 (3).jpg,Non-Crack
146.12615966796875,44.74180228081826,0.0020751953125,0.1226806640625,39,254,5960,0.36376953125,IMG_20180513_170718753_HDR resized_448 (3).jpg,Non-Crack
113.3114013671875,28.569748753479637,0.01531982421875,0.00787353515625,7,253,4633,0.28277587890625,IMG_20180513_170728853_HDR resized_448 (3).jpg,Non-Crack
171.8248291015625,25.071413212438596,0.0,0.12725830078125,61,249,5509,0.33624267578125,IMG_20180513_170746398_HDR resized_448 (3).jpg,Non-Crack
171.5343017578125,31.68883356955232,0.00146484375,0.17010498046875,34,254,5522,0.3370361328125,IMG_20180513_170844630_HDR resized_448 (3).jpg,Non-Crack
117.5057373046875,30.58632509003039,0.0126953125,0.00616455078125,10,247,5537,0.33795166015625,IMG_20180514_164920326_HDR resized_448 (3).jpg,Non-Crack
181.8524169921875,25.629978965946645,0.0,0.241943359375,77,253,5755,0.35125732421875,IMG_20180514_164936208_HDR resized_448 (3).jpg,Non-Crack
136.689208984375,32.36285615870908,0.0118408203125,0.0272216796875,2,254,5658,0.3453369140625,IMG_20180514_164944000_HDR resized_448 (3).jpg,Non-Crack
145.8021240234375,35.86656763895121,0.0196533203125,0.06024169921875,1,253,5717,0.34893798828125,IMG_20180514_164949995_HDR resized_448 (3).jpg,Non-Crack
150.9093017578125,41.97216399229436,0.0013427734375,0.12225341796875,44,253,6060,0.369873046875,IMG_20180514_164955695_HDR resized_448 (3).jpg,Non-Crack
172.84320068359375,25.306698050525444,0.0,0.1373291015625,65,240,5147,0.31414794921875,IMG_20180514_165008040_HDR resized_448 (3).jpg,Non-Crack
139.775146484375,35.247054294001984,0.02032470703125,0.0325927734375,1,253,5849,0.35699462890625,IMG_20180514_165031728_HDR resized_448 (3).jpg,Non-Crack
132.68572998046875,33.436739571951094,0.01995849609375,0.01336669921875,4,251,4370,0.2667236328125,IMG_20180514_165039112_HDR resized_448 (3).jpg,Non-Crack
154.65032958984375,41.504060285170205,0.0001220703125,0.1473388671875,34,254,6179,0.37713623046875,IMG_20180514_165050302_HDR resized_448 (3).jpg,Non-Crack
134.2879638671875,32.45686119343558,0.01043701171875,0.02447509765625,8,246,5908,0.360595703125,IMG_20180514_165115894_HDR resized_448 (3).jpg,Non-Crack
170.69781494140625,27.6019847231174,0.0,0.14715576171875,51,248,5758,0.3514404296875,IMG_20180514_165152754_HDR resized_448 (3).jpg,Non-Crack
130.9932861328125,27.63956203513905,0.00335693359375,0.00775146484375,20,252,5218,0.3184814453125,IMG_20180514_165211442_HDR resized_448 (3).jpg,Non-Crack
185.27630615234375,19.532697074593493,0.0,0.21795654296875,98,253,3656,0.22314453125,IMG_20180514_165217078_HDR resized_448 (3).jpg,Non-Crack
140.58331298828125,35.27569663115345,0.0181884765625,0.03521728515625,2,250,5951,0.36322021484375,IMG_20180514_165228668_HDR resized_448 (3).jpg,Non-Crack
118.09112548828125,22.11101052592162,0.00128173828125,0.001708984375,35,244,3797,0.23175048828125,IMG_20180514_165245540_HDR resized_448 (3).jpg,Non-Crack
139.6341552734375,47.78394976246388,0.0299072265625,0.1055908203125,19,252,6010,0.3668212890625,IMG_20180514_165251954_HDR resized_448 (3).jpg,Non-Crack
113.00732421875,18.738868963405842,0.0010986328125,0.001220703125,15,247,2463,0.15032958984375,IMG_20180514_165259100 resized_448 (3).jpg,Non-Crack
119.27618408203125,26.721654706679164,0.0072021484375,0.00335693359375,8,245,5286,0.3226318359375,IMG_20180514_165302026_HDR resized_448 (3).jpg,Non-Crack
144.47430419921875,44.431120420220495,0.0067138671875,0.11309814453125,26,254,6008,0.36669921875,IMG_20180514_165307482_HDR resized_448 (3).jpg,Non-Crack
126.17352294921875,28.352938829588297,0.004150390625,0.01177978515625,13,254,5730,0.3497314453125,IMG_20180514_165340357_HDR resized_448 (3).jpg,Non-Crack
135.58905029296875,37.590897384061904,0.019775390625,0.0438232421875,1,249,6174,0.3768310546875,IMG_20180514_165358823_HDR resized_448 (3).jpg,Non-Crack
172.397216796875,24.052497557180114,0.0,0.12847900390625,82,247,5197,0.31719970703125,IMG_20180514_165411841_HDR resized_448 (3).jpg,Non-Crack
126.59552001953125,30.878001213382987,0.01324462890625,0.009033203125,3,248,4083,0.24920654296875,IMG_20180514_165427375_HDR resized_448 (3).jpg,Non-Crack
129.09967041015625,22.399719888053188,6.103515625e-05,0.00177001953125,48,235,5261,0.32110595703125,IMG_20180514_165444055_HDR resized_448 (3).jpg,Non-Crack
126.304931640625,18.512342406676844,0.00018310546875,0.002197265625,38,249,2671,0.16302490234375,IMG_20180514_165457873_HDR resized_448 (3).jpg,Non-Crack
121.910400390625,29.056088073527075,0.0054931640625,0.01312255859375,3,249,5632,0.34375,IMG_20180514_165505511_HDR resized_448 (3).jpg,Non-Crack
131.8349609375,31.51599270668047,0.01251220703125,0.0238037109375,1,252,5655,0.34515380859375,IMG_20180514_165529728_HDR resized_448 (3).jpg,Non-Crack
170.4500732421875,26.917380238079527,0.0,0.137451171875,62,250,5659,0.34539794921875,IMG_20180514_165535720_HDR resized_448 (3).jpg,Non-Crack
162.39849853515625,33.23329989433335,0.0009765625,0.1356201171875,32,253,5657,0.34527587890625,IMG_20180514_165710828_HDR resized_448 (3).jpg,Non-Crack
124.057373046875,25.180076630438247,0.00372314453125,0.0015869140625,21,249,4518,0.2757568359375,IMG_20180514_165717791_HDR resized_448 (3).jpg,Non-Crack
125.1038818359375,26.79512019709302,0.00543212890625,0.00396728515625,18,251,4423,0.26995849609375,IMG_20180514_165724162_HDR resized_448 (3).jpg,Non-Crack
129.587646484375,38.20836663591368,0.0172119140625,0.04156494140625,2,252,6127,0.37396240234375,IMG_20180514_165731332_HDR resized_448 (3).jpg,Non-Crack
160.83404541015625,32.40196844594115,0.0023193359375,0.126708984375,24,253,5560,0.33935546875,IMG_20180514_165740460_HDR resized_448 (3).jpg,Non-Crack
140.88177490234375,43.33843103262107,0.00732421875,0.09307861328125,34,255,5876,0.358642578125,IMG_20180514_165746314_HDR resized_448 (3).jpg,Non-Crack
123.3048095703125,23.995655659721166,0.0028076171875,0.00616455078125,11,251,4234,0.2584228515625,IMG_20180514_165751038_HDR resized_448 (3).jpg,Non-Crack
138.54608154296875,33.49383324955819,0.01318359375,0.03057861328125,2,252,5986,0.3653564453125,IMG_20180514_165757436_HDR resized_448 (3).jpg,Non-Crack
130.055908203125,30.434685272435434,0.01116943359375,0.02008056640625,4,252,5572,0.340087890625,IMG_20180514_165811955_HDR resized_448 (3).jpg,Non-Crack
164.38812255859375,38.74700162341974,0.000732421875,0.18182373046875,39,245,5407,0.33001708984375,IMG_20180514_165823466_HDR resized_448 (3).jpg,Non-Crack
124.78314208984375,24.502461840007452,0.00274658203125,0.00262451171875,17,249,3749,0.22882080078125,IMG_20180514_165831579_HDR resized_448 (3).jpg,Non-Crack
134.38861083984375,33.805115148871145,0.0120849609375,0.03497314453125,2,249,5964,0.364013671875,IMG_20180514_165837194_HDR resized_448 (3).jpg,Non-Crack
128.2174072265625,18.651671855468837,0.0,0.00164794921875,64,229,3377,0.20611572265625,IMG_20180514_165847101_HDR resized_448 (3).jpg,Non-Crack
141.5650634765625,40.04350405420747,0.0272216796875,0.0614013671875,1,253,6180,0.377197265625,IMG_20180514_170008541_HDR resized_448 (3).jpg,Non-Crack
114.60955810546875,30.48374965641983,0.0106201171875,0.008544921875,10,250,5517,0.33673095703125,IMG_20180514_170015428_HDR resized_448 (3).jpg,Non-Crack
168.27581787109375,29.265608919343435,0.0,0.13177490234375,53,254,5784,0.35302734375,IMG_20180514_170026184_HDR resized_448 (3).jpg,Non-Crack
189.57763671875,18.94385665490997,0.0,0.28033447265625,92,253,4013,0.24493408203125,IMG_20180514_170032562_HDR resized_448 (3).jpg,Non-Crack
151.9344482421875,41.12168548856154,0.00048828125,0.1220703125,32,251,6172,0.376708984375,IMG_20180514_170039467_HDR resized_448 (3).jpg,Non-Crack
129.256103515625,27.408242459874813,0.0029296875,0.00408935546875,19,249,5434,0.3316650390625,IMG_20180514_170051550_HDR resized_448 (3).jpg,Non-Crack
130.45513916015625,32.80778893569023,0.0108642578125,0.02398681640625,4,251,5790,0.3533935546875,IMG_20180514_170055705_HDR resized_448 (3).jpg,Non-Crack
177.51715087890625,23.97810786987221,0.0,0.17095947265625,69,252,5225,0.31890869140625,IMG_20180514_170100812_HDR resized_448 (3).jpg,Non-Crack
129.48095703125,21.111378713704752,0.00189208984375,0.001953125,8,233,3348,0.204345703125,IMG_20180514_170105907_HDR resized_448 (3).jpg,Non-Crack
169.03619384765625,27.519364117493215,0.0,0.13031005859375,62,253,5391,0.32904052734375,IMG_20180514_170122537_HDR resized_448 (3).jpg,Non-Crack
120.2645263671875,23.285074065558877,0.00103759765625,0.00341796875,17,249,2521,0.15386962890625,IMG_20180514_170137161_HDR resized_448 (3).jpg,Non-Crack
130.12176513671875,29.300120735364704,0.00860595703125,0.00604248046875,7,252,5296,0.3232421875,IMG_20180514_170144972_HDR resized_448 (3).jpg,Non-Crack
131.81982421875,36.055138744039155,0.016357421875,0.0284423828125,4,245,5963,0.36395263671875,IMG_20180514_170158322_HDR resized_448 (3).jpg,Non-Crack
138.5074462890625,33.92279900316348,0.01678466796875,0.0269775390625,1,246,5971,0.36444091796875,IMG_20180514_170217038_HDR resized_448 (3).jpg,Non-Crack
173.33709716796875,27.58567222810949,0.0,0.16778564453125,55,246,5425,0.33111572265625,IMG_20180514_170355485_HDR resized_448 (3).jpg,Non-Crack
136.873779296875,45.41963155551562,0.01953125,0.08831787109375,29,253,5947,0.36297607421875,IMG_20180514_170400947 resized_448 (3).jpg,Non-Crack
123.68072509765625,32.62825212122084,0.00872802734375,0.02191162109375,1,249,5871,0.35833740234375,IMG_20180514_170411390_HDR resized_448 (3).jpg,Non-Crack
139.41943359375,34.66394862460849,0.01849365234375,0.03875732421875,2,250,5841,0.35650634765625,IMG_20180514_170416728_HDR resized_448 (3).jpg,Non-Crack
130.30914306640625,27.28267642673459,0.002197265625,0.006591796875,8,251,5507,0.33612060546875,IMG_20180514_170423229_HDR resized_448 (3).jpg,Non-Crack
172.079833984375,25.903787363571496,0.0,0.1334228515625,76,253,5806,0.3543701171875,IMG_20180514_170638485_HDR resized_448 (3).jpg,Non-Crack
121.07635498046875,31.13048971879179,0.01422119140625,0.010498046875,4,237,4303,0.26263427734375,IMG_20180514_170646586_HDR resized_448 (3).jpg,Non-Crack
177.46124267578125,24.11432045475923,0.0,0.16229248046875,71,253,5386,0.3287353515625,IMG_20180514_170703597_HDR resized_448 (3).jpg,Non-Crack
163.74102783203125,32.27588950407872,0.0008544921875,0.12237548828125,36,253,5576,0.34033203125,IMG_20180514_170708710_HDR (1) resized_448 (3).jpg,Non-Crack
140.64239501953125,38.29739598312267,0.01922607421875,0.0574951171875,1,255,6177,0.37701416015625,IMG_20180514_170708710_HDR resized_448 (3).jpg,Non-Crack
158.9564208984375,32.35567307836594,6.103515625e-05,0.12506103515625,49,253,5654,0.3450927734375,IMG_8404 resized_448 (3).jpg,Non-Crack
128.400146484375,50.48198394579538,0.079345703125,0.07464599609375,16,249,6212,0.379150390625,IMG_8405 resized_448 (3).jpg,Non-Crack
128.74151611328125,32.44076099104278,0.00787353515625,0.02447509765625,2,253,5919,0.36126708984375,IMG_8406 resized_448 (3).jpg,Non-Crack
134.23114013671875,48.63085254101663,0.04119873046875,0.08966064453125,18,252,6199,0.37835693359375,IMG_8407 resized_448 (3).jpg,Non-Crack
136.39544677734375,31.652429222018366,0.01409912109375,0.0299072265625,3,249,5839,0.35638427734375,IMG_8412 resized_448 (3).jpg,Non-Crack
136.0408935546875,28.33828696977373,0.00726318359375,0.00982666015625,1,252,5002,0.3052978515625,IMG_8413 resized_448 (3).jpg,Non-Crack
136.73162841796875,30.717552838361843,0.00579833984375,0.02899169921875,17,254,5534,0.3377685546875,IMG_8414 resized_448 (3).jpg,Non-Crack
134.18524169921875,29.50685664928517,0.001953125,0.00628662109375,22,252,5733,0.34991455078125,IMG_8415 resized_448 (3).jpg,Non-Crack
170.95465087890625,31.069348254779136,0.00054931640625,0.1600341796875,38,254,5340,0.325927734375,IMG_8416 resized_448 (3).jpg,Non-Crack
122.79595947265625,27.450102205921656,0.0076904296875,0.00543212890625,9,252,4665,0.28472900390625,IMG_8417 resized_448 (3).jpg,Non-Crack
136.7574462890625,32.15986003366324,0.01422119140625,0.0269775390625,2,244,5681,0.34674072265625,IMG_8418 resized_448 (3).jpg,Non-Crack
124.94720458984375,33.697562464704106,0.01519775390625,0.01483154296875,1,255,5708,0.348388671875,IMG_8419 resized_448 (3).jpg,Non-Crack
131.894775390625,31.691319913498504,0.01239013671875,0.0205078125,1,253,5682,0.3468017578125,IMG_8423 resized_448 (3).jpg,Non-Crack
175.5560302734375,21.273049545743223,0.0,0.12164306640625,65,253,4122,0.2515869140625,IMG_8424 resized_448 (3).jpg,Non-Crack
174.81329345703125,25.29176893231089,0.0,0.14837646484375,70,254,4942,0.3016357421875,IMG_8426 resized_448 (3).jpg,Non-Crack
169.0906982421875,25.17163400724095,6.103515625e-05,0.10516357421875,48,252,5337,0.32574462890625,IMG_8428 resized_448 (3).jpg,Non-Crack
125.27789306640625,24.893265505623948,0.00506591796875,0.0028076171875,11,250,3647,0.22259521484375,IMG_8429 resized_448 (3).jpg,Non-Crack
144.3790283203125,40.55159100263393,0.0302734375,0.06268310546875,0,254,5982,0.3651123046875,IMG_8430 resized_448 (3).jpg,Non-Crack
167.5751953125,30.137574527479032,0.00079345703125,0.13848876953125,39,254,5789,0.35333251953125,IMG_8432 resized_448 (3).jpg,Non-Crack
132.3243408203125,26.597353573142932,0.0010986328125,0.005859375,33,248,5665,0.34576416015625,IMG_8433 resized_448 (3).jpg,Non-Crack
156.32659912109375,38.543341770408375,0.00958251953125,0.11962890625,26,254,6075,0.37078857421875,IMG_8434 resized_448 (3).jpg,Non-Crack
128.03338623046875,24.32664316112113,0.00201416015625,0.0020751953125,19,247,4030,0.2459716796875,IMG_8435 resized_448 (3).jpg,Non-Crack
123.9085693359375,29.512972846104798,0.00146484375,0.0213623046875,34,250,5195,0.31707763671875,IMG_8436 resized_448 (3).jpg,Non-Crack
141.99407958984375,40.18096912582062,0.02508544921875,0.06927490234375,1,252,6168,0.37646484375,IMG_8437 resized_448 (3).jpg,Non-Crack
165.20947265625,29.79092089691037,0.0,0.130126953125,58,254,5475,0.33416748046875,IMG_8438 resized_448 (3).jpg,Non-Crack
134.18524169921875,29.50685664928517,0.001953125,0.00628662109375,22,252,5733,0.34991455078125,IMG_8439 resized_448 (3).jpg,Non-Crack
151.26171875,35.38318056878276,0.0,0.09112548828125,60,249,5942,0.3626708984375,IMG_8440 resized_448 (3).jpg,Non-Crack
162.713134765625,32.49842782160961,0.00213623046875,0.13604736328125,25,253,5748,0.350830078125,IMG_8441 resized_448 (3).jpg,Non-Crack
152.908203125,36.91452788851806,0.0,0.10443115234375,54,253,6062,0.3699951171875,IMG_8442 resized_448 (3).jpg,Non-Crack
165.96063232421875,33.63224684469984,0.0013427734375,0.16064453125,30,254,5698,0.3477783203125,IMG_8443 resized_448 (3).jpg,Non-Crack
130.39276123046875,48.733117307459,0.0589599609375,0.08251953125,1,253,6287,0.38372802734375,IMG_8444 resized_448 (3).jpg,Non-Crack
172.96270751953125,32.256176936820864,0.000732421875,0.19793701171875,32,255,5695,0.34759521484375,IMG_8445 resized_448 (3).jpg,Non-Crack
130.32196044921875,47.701911180147384,0.04241943359375,0.0767822265625,25,253,6132,0.374267578125,IMG_8446 resized_448 (3).jpg,Non-Crack
132.57537841796875,34.974407240782575,0.014892578125,0.02618408203125,1,253,6123,0.37371826171875,IMG_8447 resized_448 (3).jpg,Non-Crack
118.664306640625,34.400792602034024,0.01861572265625,0.015625,4,251,5291,0.32293701171875,IMG_8449 resized_448 (3).jpg,Non-Crack
171.5657958984375,27.006865663568984,0.0,0.15252685546875,58,243,5568,0.33984375,IMG_8453 resized_448 (3).jpg,Non-Crack
115.20892333984375,19.822235284714985,0.00067138671875,0.00213623046875,35,249,3028,0.184814453125,IMG_8455 resized_448 (3).jpg,Non-Crack
125.0224609375,22.25990021576156,0.001953125,0.00421142578125,18,249,3641,0.22222900390625,IMG_8456 resized_448 (3).jpg,Non-Crack
187.54693603515625,20.68938799298396,0.0,0.26568603515625,93,254,4410,0.2691650390625,IMG_8462 resized_448 (3).jpg,Non-Crack
143.56610107421875,37.95871975003964,0.02337646484375,0.0538330078125,1,254,5948,0.363037109375,IMG_8463 resized_448 (3).jpg,Non-Crack
126.513916015625,24.69688659956345,0.003173828125,0.00360107421875,27,247,4486,0.2738037109375,IMG_8464 resized_448 (3).jpg,Non-Crack
180.77703857421875,24.912800221227037,0.0,0.2216796875,67,253,5714,0.3487548828125,IMG_8465 resized_448 (3).jpg,Non-Crack
129.529052734375,24.374679699040414,0.00225830078125,0.0064697265625,17,251,4379,0.26727294921875,IMG_8466 resized_448 (3).jpg,Non-Crack
183.543701171875,25.165143893105434,0.0,0.26348876953125,78,254,5657,0.34527587890625,IMG_8467 resized_448 (3).jpg,Non-Crack
126.1427001953125,25.068512525636773,0.00250244140625,0.0030517578125,26,248,4562,0.2784423828125,IMG_8468 resized_448 (3).jpg,Non-Crack
131.87310791015625,31.462262698050324,0.00665283203125,0.0157470703125,3,252,5840,0.3564453125,IMG_8469 resized_448 (3).jpg,Non-Crack
122.770751953125,36.36593373941131,0.02679443359375,0.01904296875,2,253,5391,0.32904052734375,IMG_8470 resized_448 (3).jpg,Non-Crack
172.01251220703125,34.395113464867094,0.0018310546875,0.19439697265625,35,254,5873,0.35845947265625,IMG_8471 resized_448 (3).jpg,Non-Crack
128.0596923828125,29.38994759823921,0.00836181640625,0.014892578125,4,250,5631,0.34368896484375,IMG_8472 resized_448 (3).jpg,Non-Crack
181.58868408203125,30.04031018014847,0.0,0.2470703125,77,255,5587,0.34100341796875,IMG_8473 resized_448 (3).jpg,Non-Crack
130.47369384765625,29.123483419776107,0.01214599609375,0.0145263671875,2,250,5275,0.32196044921875,IMG_8474 resized_448 (3).jpg,Non-Crack
145.8026123046875,44.35070558569843,0.00714111328125,0.11761474609375,33,253,5925,0.36163330078125,IMG_8475 resized_448 (3).jpg,Non-Crack
132.599853515625,19.615080469232847,0.0,0.0037841796875,54,251,3029,0.18487548828125,IMG_8476 resized_448 (3).jpg,Non-Crack
183.010986328125,16.34673360684312,0.0,0.13348388671875,105,252,1899,0.11590576171875,IMG_8477 resized_448 (3).jpg,Non-Crack
126.119873046875,35.84666898510422,0.0164794921875,0.0224609375,1,249,5779,0.35272216796875,IMG_8478 resized_448 (3).jpg,Non-Crack
172.05133056640625,28.435574530231644,0.0,0.158447265625,61,253,5303,0.32366943359375,IMG_8479 resized_448 (3).jpg,Non-Crack
171.7125244140625,33.06071480846815,0.00079345703125,0.1959228515625,35,254,5658,0.3453369140625,IMG_8480 resized_448 (3).jpg,Non-Crack
150.084228515625,44.13086297241385,0.00091552734375,0.13201904296875,44,250,6137,0.37457275390625,IMG_8481 resized_448 (3).jpg,Non-Crack
119.85540771484375,27.677872088095565,0.0059814453125,0.00250244140625,18,243,5589,0.34112548828125,IMG_8483 resized_448 (3).jpg,Non-Crack
128.8834228515625,30.737259708338303,0.01019287109375,0.00714111328125,11,251,4806,0.2933349609375,IMG_8484 resized_448 (3).jpg,Non-Crack
124.837890625,44.552030127922194,0.0018310546875,0.07855224609375,36,254,5287,0.32269287109375,IMG_8485 resized_448 (3).jpg,Non-Crack
131.06744384765625,36.88379171755708,0.015625,0.0413818359375,2,253,6166,0.3763427734375,IMG_8486 resized_448 (3).jpg,Non-Crack
125.5467529296875,21.449059308469757,0.0020751953125,0.00616455078125,14,249,1770,0.1080322265625,IMG_8487 resized_448 (3).jpg,Non-Crack
123.65399169921875,34.515854421967404,0.01409912109375,0.022705078125,3,255,6072,0.37060546875,IMG_8488 resized_448 (3).jpg,Non-Crack
140.62078857421875,38.013758495116285,0.02972412109375,0.04736328125,0,253,5768,0.35205078125,IMG_8489 resized_448 (3).jpg,Non-Crack
122.73553466796875,29.7593569841098,0.00970458984375,0.01019287109375,6,251,5058,0.3087158203125,IMG_8490 resized_448 (3).jpg,Non-Crack
123.0447998046875,31.699710569720704,0.01092529296875,0.016845703125,2,251,5888,0.359375,IMG_8491 resized_448 (3).jpg,Non-Crack
129.53900146484375,29.38416483326079,0.0025634765625,0.0030517578125,20,253,5916,0.361083984375,IMG_8493 resized_448 (3).jpg,Non-Crack
133.31744384765625,16.124765272312615,0.0,0.0003662109375,68,246,1621,0.09893798828125,IMG_8504 resized_448 (3).jpg,Non-Crack
116.20843505859375,21.025310259912164,0.00457763671875,0.00372314453125,2,251,2691,0.16424560546875,IMG_8505 resized_448 (3).jpg,Non-Crack
136.7159423828125,35.055116685034264,0.015380859375,0.0330810546875,4,249,6124,0.373779296875,IMG_8506 resized_448 (3).jpg,Non-Crack
120.663818359375,30.78499373601336,0.00640869140625,0.013671875,8,252,5881,0.35894775390625,IMG_8507 resized_448 (3).jpg,Non-Crack
170.70172119140625,27.114556546714905,6.103515625e-05,0.143798828125,40,251,5485,0.33477783203125,IMG_8508 resized_448 (3).jpg,Non-Crack
172.7763671875,24.933476689975436,0.0,0.14251708984375,65,244,4781,0.29180908203125,IMG_8509 resized_448 (3).jpg,Non-Crack
130.06597900390625,35.123162968998464,0.0118408203125,0.0281982421875,2,250,6086,0.3714599609375,IMG_8510 resized_448 (3).jpg,Non-Crack
128.40374755859375,55.60316032918024,0.11181640625,0.09930419921875,24,250,6049,0.36920166015625,IMG_8511 resized_448 (3).jpg,Non-Crack
131.11785888671875,53.87745121495207,0.10137939453125,0.09088134765625,18,254,6049,0.36920166015625,IMG_8512 resized_448 (3).jpg,Non-Crack
170.55999755859375,26.02972241728843,6.103515625e-05,0.12359619140625,48,253,5310,0.3240966796875,IMG_8513 resized_448 (3).jpg,Non-Crack
146.15802001953125,42.44245579133244,0.0018310546875,0.103271484375,40,253,6076,0.370849609375,IMG_8514 resized_448 (3).jpg,Non-Crack
140.75738525390625,34.6206586134792,0.0147705078125,0.0452880859375,2,253,5952,0.36328125,IMG_8515 resized_448 (3).jpg,Non-Crack
147.74896240234375,42.36686298565964,0.001708984375,0.10986328125,42,254,5966,0.3641357421875,IMG_8516 resized_448 (3).jpg,Non-Crack
119.811279296875,24.18453540302717,0.00457763671875,0.00201416015625,12,249,4189,0.25567626953125,IMG_8517 resized_448 (3).jpg,Non-Crack
138.76629638671875,35.85029002977236,0.015869140625,0.046142578125,1,252,6080,0.37109375,IMG_8518 resized_448 (3).jpg,Non-Crack
169.01800537109375,20.04065339752126,0.0,0.0499267578125,67,250,4248,0.25927734375,IMG_8519 resized_448 (3).jpg,Non-Crack
111.67742919921875,19.98989950839741,0.003173828125,0.00311279296875,14,253,2824,0.17236328125,IMG_8520 resized_448 (3).jpg,Non-Crack
145.47406005859375,46.858423485361755,0.012939453125,0.12548828125,34,252,6026,0.3677978515625,IMG_8521 resized_448 (3).jpg,Non-Crack
154.70501708984375,32.60424364012198,0.0,0.0869140625,66,250,5666,0.3458251953125,IMG_8522 resized_448 (3).jpg,Non-Crack
143.220458984375,47.688030964281495,0.02490234375,0.12213134765625,23,253,6207,0.37884521484375,IMG_8523 resized_448 (3).jpg,Non-Crack
149.17291259765625,34.29142106639944,0.0,0.07281494140625,57,248,5952,0.36328125,IMG_8524 resized_448 (3).jpg,Non-Crack
153.76837158203125,42.61605676358115,0.0003662109375,0.1397705078125,46,252,6203,0.37860107421875,IMG_8525 resized_448 (3).jpg,Non-Crack
137.31536865234375,43.51654193531065,0.0150146484375,0.08001708984375,30,253,5868,0.358154296875,IMG_8526 resized_448 (3).jpg,Non-Crack
154.50042724609375,43.73560309785479,0.00048828125,0.1593017578125,45,254,6038,0.3685302734375,IMG_8527 resized_448 (3).jpg,Non-Crack
126.083251953125,34.03436736426488,0.0194091796875,0.0146484375,2,254,5689,0.34722900390625,IMG_8528 resized_448 (3).jpg,Non-Crack
181.446533203125,23.98479127677984,0.0,0.2188720703125,92,253,5426,0.3311767578125,IMG_8529 resized_448 (3).jpg,Non-Crack
171.31512451171875,30.38776297190442,0.00042724609375,0.16986083984375,39,254,5807,0.35443115234375,IMG_8530 resized_448 (3).jpg,Non-Crack
122.26397705078125,33.070752030262774,0.005859375,0.01446533203125,27,247,5580,0.340576171875,IMG_8531 resized_448 (3).jpg,Non-Crack
162.193359375,35.33997603419408,0.00396728515625,0.13861083984375,31,253,6021,0.36749267578125,IMG_8532 resized_448 (3).jpg,Non-Crack
130.273681640625,30.518335864616247,0.0093994140625,0.0162353515625,7,254,5422,0.3309326171875,IMG_8533 resized_448 (3).jpg,Non-Crack
